"id";"text";"createdAt";"updatedAt";"userId"
1;"953FGlH5iwMMKg1msVKH0gB0ilsKpQp2";"2019-05-24 10:53:53";"2019-05-24 10:53:53";1
2;"S48WzBUd65yLjq65iWtlqNnraWqbt5xE";"2019-05-24 10:53:53";"2019-05-24 10:53:53";1
3;"MsM9satx31u8iJFIX27hkF3d4pqhOADM";"2019-05-24 10:53:53";"2019-05-24 10:53:53";2
4;"pC0xsJol8ov84Nt2eJTRXzJd8gZOoIf6";"2019-05-24 10:53:53";"2019-05-24 10:53:53";2
5;"bWMBTKEbZZQHi6gi0vyRTSZK0hl5zPaw";"2019-05-24 10:53:53";"2019-05-24 10:53:53";3
6;"yhvr1N3EoXyX5fwutFPCXrXl1Iy9qzUT";"2019-05-24 10:53:53";"2019-05-24 10:53:53";3
7;"DxKDYY4DDhvxqgVw2jfXDI2n7gK9BCXE";"2019-05-24 10:53:53";"2019-05-24 10:53:53";4
8;"5cxCG306M9KHdrfUOuWgPJHOc1xKVaQr";"2019-05-24 10:53:53";"2019-05-24 10:53:53";4
9;"J4GIYyCP4QFeILhMKpMbf9coNHSiTLyC";"2019-05-24 10:53:53";"2019-05-24 10:53:53";5
10;"Zlqzl7q7rpFryjlkd8LWGSWLmP9Xgemb";"2019-05-24 10:53:53";"2019-05-24 10:53:53";5
11;"VHfhXkwFz5ULGMmXGyPh5jZynhEJpYBF";"2019-05-24 10:53:53";"2019-05-24 10:53:53";6
12;"f1wRH5CAk2Q5Mgar1YVX0bawFhny5f66";"2019-05-24 10:53:53";"2019-05-24 10:53:53";6
13;"xmAorGrmzlu4MyNpeRpHe628oj3SrBlO";"2019-05-24 10:53:53";"2019-05-24 10:53:53";7
14;"Y0Fzgo8yVRrxdxnaArIc0y2UtohMtdaa";"2019-05-24 10:53:53";"2019-05-24 10:53:53";7
15;"vw6PhSBjTj4h3QCAiItiHvqLj51QUX90";"2019-05-24 10:53:53";"2019-05-24 10:53:53";8
16;"6RDciTchfo6iycOl40obQ5IWouDR2avW";"2019-05-24 10:53:53";"2019-05-24 10:53:53";8
17;"LonRug1FlCD827rZERRQ6OOkULK9AYGu";"2019-05-24 10:53:53";"2019-05-24 10:53:53";9
18;"W5ay9c8nLTuvOg0Mhn3Y8X7bz9IdpYFv";"2019-05-24 10:53:53";"2019-05-24 10:53:53";9
19;"gPlSRufzZb5Ze4ewd8KPESb06LnsRPan";"2019-05-24 10:53:53";"2019-05-24 10:53:53";10
20;"nBZCaYPV3JvQkAMajIMcLSFDU00KpCyp";"2019-05-24 10:53:53";"2019-05-24 10:53:53";10
21;"vuU6RR3oJNCxN2sNzbZvTQyVG4KN3hu0";"2019-05-24 10:53:53";"2019-05-24 10:53:53";11
22;"dSjC7Vs0gAa3Q9VfD4oGXE33YhkdqnbM";"2019-05-24 10:53:53";"2019-05-24 10:53:53";11
23;"uGsTrDOftV1PzSIZvwauQz8qouJcpIev";"2019-05-24 10:53:53";"2019-05-24 10:53:53";12
24;"CNcNGZ5ClO7KAUbJj2FfaLWSYhZ9s1Cv";"2019-05-24 10:53:53";"2019-05-24 10:53:53";12
25;"pHbpAw5Xr508sYUBB6eLyneQgDk6PZUQ";"2019-05-24 10:53:53";"2019-05-24 10:53:53";13
26;"AZsfzNWsxCF2lus9Y2FWNDBAjR0WrU9p";"2019-05-24 10:53:53";"2019-05-24 10:53:53";13
27;"7uUfZsADNvil7G3nuP1EkHONUthUnIXY";"2019-05-24 10:53:53";"2019-05-24 10:53:53";14
28;"FYzxYKhdwKrO5eJb1OOBhmUKfoHnAkl8";"2019-05-24 10:53:53";"2019-05-24 10:53:53";14
29;"uwrKNO61tC2iPqKao5ikcTsMgfIp8p3t";"2019-05-24 10:53:53";"2019-05-24 10:53:53";15
30;"AN7By1GOt3FBBeGbC4qqUnQ6RuJmNuA4";"2019-05-24 10:53:53";"2019-05-24 10:53:53";15
31;"TkldKCe3Z1TPPxbFVtQJGbvRd7PhQdRG";"2019-05-24 10:53:53";"2019-05-24 10:53:53";16
32;"7e3979NUrDQlvLIP0O5P6MnGOv23Gwh4";"2019-05-24 10:53:53";"2019-05-24 10:53:53";16
33;"kFKvkBNZuTtC8wyuAKxXqVBGjOfQzdNZ";"2019-05-24 10:53:53";"2019-05-24 10:53:53";17
34;"Z5oWd39Wo7QBjLC6AduSGlHQaucnXJ0Z";"2019-05-24 10:53:53";"2019-05-24 10:53:53";17
35;"d30WcRVvPBB350kzFN0X06n6faR2KuZD";"2019-05-24 10:53:53";"2019-05-24 10:53:53";18
36;"TGNXW5ljk400koaKqsHkwe8z8wI1n0xh";"2019-05-24 10:53:53";"2019-05-24 10:53:53";18
37;"zgyE3dLdR6UA7DFlPTkV11dolg3pBHuk";"2019-05-24 10:53:53";"2019-05-24 10:53:53";19
38;"Rnc8VGjafIblT0z7UOOvMFMTnOjywMHm";"2019-05-24 10:53:53";"2019-05-24 10:53:53";19
39;"LkXYoS05zTZkcwqw1ErzGvvighY9iDi9";"2019-05-24 10:53:53";"2019-05-24 10:53:53";20
40;"a7FlHtfQtCdvQqbUjZEPOsZOCbcOSJCj";"2019-05-24 10:53:53";"2019-05-24 10:53:53";20
